yaml_identifier,uuid
RUMSEY~8~1~305627~90076038,c1aea5fe-e905-4493-8271-ca91e432497f
RUMSEY~8~1~305700~90076808,c225a6bc-199f-4766-a32f-e34abb49b69b
RUMSEY~8~1~305628~90076037,691ed5e7-5880-491a-aac3-203cea49dca1
RUMSEY~8~1~305629~90076036,6cc14b26-c67a-4bdd-8284-d160b50be617
RUMSEY~8~1~305630~90076035,031baf15-e7c4-45cf-96f8-6d2768c199c4
RUMSEY~8~1~305631~90076034,04979362-5072-4bf4-948b-248aa55ca3a3
RUMSEY~8~1~305632~90076033,59b2bd7d-12b5-4cde-9597-537a4625845b
RUMSEY~8~1~305633~90076032,5369356a-969e-4976-b1a8-bdbfb682f9d8
RUMSEY~8~1~305634~90076031,3d9f4104-eddc-4f72-ae42-91312463aab2
RUMSEY~8~1~305635~90076030,1eed45b5-7f4d-42e1-b9f0-a760ee9e19f8
RUMSEY~8~1~305636~90076029,b15cb49e-1f6c-4240-9b0b-da58e517ae62
RUMSEY~8~1~305637~90076028,ae2afd92-b0d9-43ce-b0d5-924fcf09e290
RUMSEY~8~1~305638~90076027,7a0c2caa-0f5c-4115-9514-b71e93948246
RUMSEY~8~1~305639~90076026,619b790f-396f-4f51-af06-d366517da4ab
RUMSEY~8~1~305640~90076025,9ee2630d-b8cd-45a0-8eb8-7a84ae96051c
RUMSEY~8~1~305641~90076024,7fa8e252-1c14-4e4a-a448-33d36edd664d
RUMSEY~8~1~305642~90076023,b09ce29d-b6c3-49db-b7f8-4e53c7bf2436
RUMSEY~8~1~305643~90076022,d0e6342f-f57a-4c04-82af-f7ab8ce8350e
RUMSEY~8~1~305644~90076021,cb90e137-d73d-43a1-8d71-cc75b444f1b0
RUMSEY~8~1~305645~90076020,75bfa9f1-41a0-4439-9f32-26223c537fff
RUMSEY~8~1~305646~90076019,1e5772d6-1c60-4705-855f-0686bd82c015
RUMSEY~8~1~305647~90076018,c06db4fa-fa4d-40ff-b3c7-f5eacd3b30f7
RUMSEY~8~1~305648~90076017,35e89228-a8bc-4cfa-8ec0-0943bb6ffee7
RUMSEY~8~1~305649~90076016,bcafad43-b3dc-4968-9f26-71c4d34d8ac8
RUMSEY~8~1~305650~90076015,f4bccf59-0558-41b9-9e79-c7548ca059fa
RUMSEY~8~1~305651~90076014,7654391c-ea65-4faa-932a-a668978b1449
RUMSEY~8~1~305652~90076013,46c0a85a-4f9f-4dba-9dd1-5050c8b9769c
RUMSEY~8~1~305653~90076012,a9ed1ff8-b864-4f28-b1af-cd4e6b4d15b4
RUMSEY~8~1~305654~90076011,61ec70a6-8515-4537-ae88-0ea8ac18ef17
RUMSEY~8~1~305655~90076010,bb9082f3-2cf0-4fe2-b263-58f1e843c941
RUMSEY~8~1~305656~90076009,79698b68-52cf-4898-a164-3f8834cea632
RUMSEY~8~1~305657~90076008,9674aeaa-0c3b-4b12-9c59-e094dfe7937b
RUMSEY~8~1~305658~90076007,3df9c0d5-16e8-4c04-9c11-bce9aa9cee93
RUMSEY~8~1~305659~90076006,8a26db29-4698-4856-aaa2-b10bfda9ae41
RUMSEY~8~1~305660~90076005,f94efe00-341e-49f9-a6fd-6e6f1addfc81
RUMSEY~8~1~305661~90076004,dc7c6082-297b-4bf1-bec5-9dd18a403925
RUMSEY~8~1~305662~90076003,d0f04e8d-2c82-470a-a4e6-056d1a43fa99
RUMSEY~8~1~305663~90076002,7a55caa6-ac57-438f-9ce9-6f5dcb8b3ba6
RUMSEY~8~1~305664~90076074,2c9da5e2-f941-4786-9e40-0db3e9a0e7f7
RUMSEY~8~1~305665~90076073,e851c7b5-15b6-4cf5-95a0-0c9c987c628f
RUMSEY~8~1~305666~90076072,466523d2-a10b-4e42-852f-4518a6349bee
RUMSEY~8~1~305667~90076071,4558da76-3365-493b-bdf3-e0467fc075d6
RUMSEY~8~1~305668~90076070,f6f2774a-7b73-48c2-a29c-89df1d97ab27
RUMSEY~8~1~305669~90076069,19145203-e0a1-4cf8-8ff7-611713d7b95b
RUMSEY~8~1~305670~90076068,c03cba87-a022-42d5-81dc-10857ff89e62
RUMSEY~8~1~305671~90076067,435fad4f-0933-4cd7-9e88-db9d80543598
RUMSEY~8~1~305672~90076066,8307ff9e-8e5f-4312-82a3-284cf7ae3d15
RUMSEY~8~1~305673~90076065,aceda1d8-2afa-497e-a3ed-f8249d1d9ca2
RUMSEY~8~1~305674~90076064,35873d4a-d3d3-4c8d-8e21-a0d4506c32b3
RUMSEY~8~1~305675~90076063,66b2b3c1-6409-4e20-94db-5d961a5de866
RUMSEY~8~1~305676~90076062,13cb94f6-7635-44cc-832e-e836934457a8
RUMSEY~8~1~305677~90076061,1e0e4a70-b723-431e-9278-d6d0067986c8
RUMSEY~8~1~305678~90076060,da4f1b26-15e3-47e8-9320-809ca9bff312
RUMSEY~8~1~305679~90076059,e80e1f21-6833-4505-8bb2-7bc2a2440926
RUMSEY~8~1~305680~90076058,eefa70dc-3af3-4f7c-bd4e-4b3619629067
RUMSEY~8~1~305681~90076057,50a3cc20-757b-478c-82f0-8401f09508f2
RUMSEY~8~1~305682~90076056,dfe89721-1533-4348-8b3c-b668633fdff4
RUMSEY~8~1~305683~90076055,5f5f421c-598d-4200-bdec-e5bd4417ad9d
RUMSEY~8~1~305684~90076054,c51a64cb-6a6c-440f-b140-f346dc6604c8
RUMSEY~8~1~305685~90076053,b4e078a5-923e-4e92-acb6-dca3ddf495f6
RUMSEY~8~1~305686~90076052,29f45904-0b8a-4db1-86fc-fe0e6c56a358
RUMSEY~8~1~305687~90076051,3acf3d6e-3b22-4f02-b229-ceb44e3eca8e
RUMSEY~8~1~305688~90076050,3d01c4df-130a-4c27-8862-d4f80e376e74
RUMSEY~8~1~305689~90076049,5b43f841-7c3a-4491-a02e-2df35a771e79
RUMSEY~8~1~305690~90076048,16f98704-042a-4a8f-8bca-c51693827283
RUMSEY~8~1~305691~90076047,154aaf0b-c9db-48ec-a9b7-70ae342ec009
RUMSEY~8~1~305692~90076046,1062d274-7eb0-4593-9663-73edd82977c7
RUMSEY~8~1~305693~90076045,c7d081f3-6c38-4fd3-b997-5f9a1ce2f6aa
RUMSEY~8~1~305694~90076044,009eca95-e390-4c69-ab26-4eb2c096acf1
RUMSEY~8~1~305695~90076043,fe445f94-e04f-4c55-ad50-30943328bdbb
RUMSEY~8~1~305696~90076042,d3fc1677-1bc5-499e-940f-00508af31dec
RUMSEY~8~1~305697~90076041,b08476a7-bab7-4a70-acd4-c503719d8d68
RUMSEY~8~1~305698~90076040,dde07fa2-b86e-48b0-b927-0b3c7a5dfa06
RUMSEY~8~1~305699~90076039,6e27c214-3893-4d26-96bd-04f0db62c543
