yaml_identifier,geonetwork_uuid,xml_file_path,postponed_values
RUMSEY~8~1~305627~90076038,f6089c1d-35ac-43d7-ab0e-c9e28501d88f,/tmp/tmp4ps57rgp/RUMSEY~8~1~305627~90076038.xml,"{""uuid"": ""f6089c1d-35ac-43d7-ab0e-c9e28501d88f""}"
RUMSEY~8~1~305700~90076808,c5ed2a55-01b0-43ba-960d-b862849211f8,/tmp/tmp4ps57rgp/RUMSEY~8~1~305700~90076808.xml,"{""uuid"": ""c5ed2a55-01b0-43ba-960d-b862849211f8""}"
RUMSEY~8~1~305628~90076037,ab2824d0-f668-4a39-9a01-b3aa22a2f491,/tmp/tmp4ps57rgp/RUMSEY~8~1~305628~90076037.xml,"{""uuid"": ""ab2824d0-f668-4a39-9a01-b3aa22a2f491""}"
RUMSEY~8~1~305629~90076036,8657b9ff-6569-4cc4-a6fc-dbc29f1c673b,/tmp/tmp4ps57rgp/RUMSEY~8~1~305629~90076036.xml,"{""uuid"": ""8657b9ff-6569-4cc4-a6fc-dbc29f1c673b""}"
RUMSEY~8~1~305630~90076035,c63ecc20-94b9-424e-89da-5fb3176d4c7e,/tmp/tmp4ps57rgp/RUMSEY~8~1~305630~90076035.xml,"{""uuid"": ""c63ecc20-94b9-424e-89da-5fb3176d4c7e""}"
RUMSEY~8~1~305631~90076034,d790b698-a37d-4f23-963b-8595bc099fb3,/tmp/tmp4ps57rgp/RUMSEY~8~1~305631~90076034.xml,"{""uuid"": ""d790b698-a37d-4f23-963b-8595bc099fb3""}"
RUMSEY~8~1~305632~90076033,669a647b-5e30-4fd5-a60f-10d9e0d3508b,/tmp/tmp4ps57rgp/RUMSEY~8~1~305632~90076033.xml,"{""uuid"": ""669a647b-5e30-4fd5-a60f-10d9e0d3508b""}"
RUMSEY~8~1~305633~90076032,5860bbdb-5394-4462-8c4e-d114a1224951,/tmp/tmp4ps57rgp/RUMSEY~8~1~305633~90076032.xml,"{""uuid"": ""5860bbdb-5394-4462-8c4e-d114a1224951""}"
RUMSEY~8~1~305634~90076031,6df0a816-e896-4c49-818e-9a82afcf4512,/tmp/tmp4ps57rgp/RUMSEY~8~1~305634~90076031.xml,"{""uuid"": ""6df0a816-e896-4c49-818e-9a82afcf4512""}"
RUMSEY~8~1~305635~90076030,ee358999-4ff0-44c5-8b57-38782aec0c46,/tmp/tmp4ps57rgp/RUMSEY~8~1~305635~90076030.xml,"{""uuid"": ""ee358999-4ff0-44c5-8b57-38782aec0c46""}"
RUMSEY~8~1~305636~90076029,eea65ccc-e3b4-4a95-a8ed-c9847e968f2a,/tmp/tmp4ps57rgp/RUMSEY~8~1~305636~90076029.xml,"{""uuid"": ""eea65ccc-e3b4-4a95-a8ed-c9847e968f2a""}"
RUMSEY~8~1~305637~90076028,90187638-5608-42b6-abef-1fb6db4b9c8f,/tmp/tmp4ps57rgp/RUMSEY~8~1~305637~90076028.xml,"{""uuid"": ""90187638-5608-42b6-abef-1fb6db4b9c8f""}"
RUMSEY~8~1~305638~90076027,31f969c2-0329-4282-81ee-1cc001d70c7e,/tmp/tmp4ps57rgp/RUMSEY~8~1~305638~90076027.xml,"{""uuid"": ""31f969c2-0329-4282-81ee-1cc001d70c7e""}"
RUMSEY~8~1~305639~90076026,f793153c-5c0d-417a-b04f-58dcb0f1a115,/tmp/tmp4ps57rgp/RUMSEY~8~1~305639~90076026.xml,"{""uuid"": ""f793153c-5c0d-417a-b04f-58dcb0f1a115""}"
RUMSEY~8~1~305640~90076025,f048ca4e-cf27-45b1-a479-bb04ea3cacce,/tmp/tmp4ps57rgp/RUMSEY~8~1~305640~90076025.xml,"{""uuid"": ""f048ca4e-cf27-45b1-a479-bb04ea3cacce""}"
RUMSEY~8~1~305641~90076024,9e457a09-20c9-4e2d-9dee-5811cc7725ea,/tmp/tmp4ps57rgp/RUMSEY~8~1~305641~90076024.xml,"{""uuid"": ""9e457a09-20c9-4e2d-9dee-5811cc7725ea""}"
RUMSEY~8~1~305642~90076023,84abfb1f-763f-48f8-8f78-4559ade7e67d,/tmp/tmp4ps57rgp/RUMSEY~8~1~305642~90076023.xml,"{""uuid"": ""84abfb1f-763f-48f8-8f78-4559ade7e67d""}"
RUMSEY~8~1~305643~90076022,11023e6c-010b-4ba3-b199-d7b1b3ed9f20,/tmp/tmp4ps57rgp/RUMSEY~8~1~305643~90076022.xml,"{""uuid"": ""11023e6c-010b-4ba3-b199-d7b1b3ed9f20""}"
RUMSEY~8~1~305644~90076021,e81d6086-146c-41d7-a696-d948e93fe724,/tmp/tmp4ps57rgp/RUMSEY~8~1~305644~90076021.xml,"{""uuid"": ""e81d6086-146c-41d7-a696-d948e93fe724""}"
RUMSEY~8~1~305645~90076020,cb4b8fe7-cb8c-4a65-8b0e-233d22a6c800,/tmp/tmp4ps57rgp/RUMSEY~8~1~305645~90076020.xml,"{""uuid"": ""cb4b8fe7-cb8c-4a65-8b0e-233d22a6c800""}"
RUMSEY~8~1~305646~90076019,596481f6-52b2-4a6a-8093-e6dba8dd5bf3,/tmp/tmp4ps57rgp/RUMSEY~8~1~305646~90076019.xml,"{""uuid"": ""596481f6-52b2-4a6a-8093-e6dba8dd5bf3""}"
RUMSEY~8~1~305647~90076018,f18b9545-f7a9-4526-801f-523c46082802,/tmp/tmp4ps57rgp/RUMSEY~8~1~305647~90076018.xml,"{""uuid"": ""f18b9545-f7a9-4526-801f-523c46082802""}"
RUMSEY~8~1~305648~90076017,82eb5489-7712-45e6-96e1-9da7bbd27c4c,/tmp/tmp4ps57rgp/RUMSEY~8~1~305648~90076017.xml,"{""uuid"": ""82eb5489-7712-45e6-96e1-9da7bbd27c4c""}"
RUMSEY~8~1~305649~90076016,fbb7cd6d-b91e-4849-b44d-9eecca2e262d,/tmp/tmp4ps57rgp/RUMSEY~8~1~305649~90076016.xml,"{""uuid"": ""fbb7cd6d-b91e-4849-b44d-9eecca2e262d""}"
RUMSEY~8~1~305650~90076015,9405577b-c387-4eb1-9d93-c60c749a873b,/tmp/tmp4ps57rgp/RUMSEY~8~1~305650~90076015.xml,"{""uuid"": ""9405577b-c387-4eb1-9d93-c60c749a873b""}"
RUMSEY~8~1~305651~90076014,18520636-17e1-47e6-a19d-3554b6506f2c,/tmp/tmp4ps57rgp/RUMSEY~8~1~305651~90076014.xml,"{""uuid"": ""18520636-17e1-47e6-a19d-3554b6506f2c""}"
RUMSEY~8~1~305652~90076013,f82790c5-8e92-4615-a767-660099c165a6,/tmp/tmp4ps57rgp/RUMSEY~8~1~305652~90076013.xml,"{""uuid"": ""f82790c5-8e92-4615-a767-660099c165a6""}"
RUMSEY~8~1~305653~90076012,868c4d59-0b7a-4a62-9f75-547ded24b1cd,/tmp/tmp4ps57rgp/RUMSEY~8~1~305653~90076012.xml,"{""uuid"": ""868c4d59-0b7a-4a62-9f75-547ded24b1cd""}"
RUMSEY~8~1~305654~90076011,5fcea32a-fe3d-41a7-984a-494cd052b7ac,/tmp/tmp4ps57rgp/RUMSEY~8~1~305654~90076011.xml,"{""uuid"": ""5fcea32a-fe3d-41a7-984a-494cd052b7ac""}"
RUMSEY~8~1~305655~90076010,32aef551-c88b-4ae0-b15d-9c6cbe3e30fe,/tmp/tmp4ps57rgp/RUMSEY~8~1~305655~90076010.xml,"{""uuid"": ""32aef551-c88b-4ae0-b15d-9c6cbe3e30fe""}"
RUMSEY~8~1~305656~90076009,c4f366ce-3c1f-41ae-9a68-aff3b6698290,/tmp/tmp4ps57rgp/RUMSEY~8~1~305656~90076009.xml,"{""uuid"": ""c4f366ce-3c1f-41ae-9a68-aff3b6698290""}"
RUMSEY~8~1~305657~90076008,fc36f6bc-c50f-49da-9b8b-b480fed71bd4,/tmp/tmp4ps57rgp/RUMSEY~8~1~305657~90076008.xml,"{""uuid"": ""fc36f6bc-c50f-49da-9b8b-b480fed71bd4""}"
RUMSEY~8~1~305658~90076007,64274d41-0816-4aa7-a800-0719446bca05,/tmp/tmp4ps57rgp/RUMSEY~8~1~305658~90076007.xml,"{""uuid"": ""64274d41-0816-4aa7-a800-0719446bca05""}"
RUMSEY~8~1~305659~90076006,bcdf4dab-9a12-47e6-9574-e2f9a48771f1,/tmp/tmp4ps57rgp/RUMSEY~8~1~305659~90076006.xml,"{""uuid"": ""bcdf4dab-9a12-47e6-9574-e2f9a48771f1""}"
RUMSEY~8~1~305660~90076005,9f7b58c4-2988-4024-8574-79317a2335d3,/tmp/tmp4ps57rgp/RUMSEY~8~1~305660~90076005.xml,"{""uuid"": ""9f7b58c4-2988-4024-8574-79317a2335d3""}"
RUMSEY~8~1~305661~90076004,20ae189a-f2ec-4200-9182-21f1db0204fa,/tmp/tmp4ps57rgp/RUMSEY~8~1~305661~90076004.xml,"{""uuid"": ""20ae189a-f2ec-4200-9182-21f1db0204fa""}"
RUMSEY~8~1~305662~90076003,906efab0-1545-4fae-8a67-80797555d348,/tmp/tmp4ps57rgp/RUMSEY~8~1~305662~90076003.xml,"{""uuid"": ""906efab0-1545-4fae-8a67-80797555d348""}"
RUMSEY~8~1~305663~90076002,51c98137-a650-4580-a643-61486ffdb2f6,/tmp/tmp4ps57rgp/RUMSEY~8~1~305663~90076002.xml,"{""uuid"": ""51c98137-a650-4580-a643-61486ffdb2f6""}"
RUMSEY~8~1~305664~90076074,a24b92ae-aa97-4833-8dc8-869a583a7cb6,/tmp/tmp4ps57rgp/RUMSEY~8~1~305664~90076074.xml,"{""uuid"": ""a24b92ae-aa97-4833-8dc8-869a583a7cb6""}"
RUMSEY~8~1~305665~90076073,cd012a57-2c3f-4938-8657-b10da52ecae7,/tmp/tmp4ps57rgp/RUMSEY~8~1~305665~90076073.xml,"{""uuid"": ""cd012a57-2c3f-4938-8657-b10da52ecae7""}"
RUMSEY~8~1~305666~90076072,b5686b6e-3c07-43de-ae21-b1867758c433,/tmp/tmp4ps57rgp/RUMSEY~8~1~305666~90076072.xml,"{""uuid"": ""b5686b6e-3c07-43de-ae21-b1867758c433""}"
RUMSEY~8~1~305667~90076071,c1a97810-09be-454f-8c11-63bbb1e563e4,/tmp/tmp4ps57rgp/RUMSEY~8~1~305667~90076071.xml,"{""uuid"": ""c1a97810-09be-454f-8c11-63bbb1e563e4""}"
RUMSEY~8~1~305668~90076070,3470911b-e377-4c2d-b997-75d7b8d18b22,/tmp/tmp4ps57rgp/RUMSEY~8~1~305668~90076070.xml,"{""uuid"": ""3470911b-e377-4c2d-b997-75d7b8d18b22""}"
RUMSEY~8~1~305669~90076069,e05eda6e-01e6-444f-8822-603ebda39c84,/tmp/tmp4ps57rgp/RUMSEY~8~1~305669~90076069.xml,"{""uuid"": ""e05eda6e-01e6-444f-8822-603ebda39c84""}"
RUMSEY~8~1~305670~90076068,46de9a7a-ba30-4bc7-88a1-34f359689959,/tmp/tmp4ps57rgp/RUMSEY~8~1~305670~90076068.xml,"{""uuid"": ""46de9a7a-ba30-4bc7-88a1-34f359689959""}"
RUMSEY~8~1~305671~90076067,42245193-1b07-424f-9981-50a98b7e86ed,/tmp/tmp4ps57rgp/RUMSEY~8~1~305671~90076067.xml,"{""uuid"": ""42245193-1b07-424f-9981-50a98b7e86ed""}"
RUMSEY~8~1~305672~90076066,3669ab93-baf7-4cd2-be24-ed3ca1c2bb42,/tmp/tmp4ps57rgp/RUMSEY~8~1~305672~90076066.xml,"{""uuid"": ""3669ab93-baf7-4cd2-be24-ed3ca1c2bb42""}"
RUMSEY~8~1~305673~90076065,04fce57d-6717-4fa5-b3b7-d5a93db4f24d,/tmp/tmp4ps57rgp/RUMSEY~8~1~305673~90076065.xml,"{""uuid"": ""04fce57d-6717-4fa5-b3b7-d5a93db4f24d""}"
RUMSEY~8~1~305674~90076064,95417945-0d09-41f6-a6b0-35be21d4c785,/tmp/tmp4ps57rgp/RUMSEY~8~1~305674~90076064.xml,"{""uuid"": ""95417945-0d09-41f6-a6b0-35be21d4c785""}"
RUMSEY~8~1~305675~90076063,576a4a26-2281-4343-8d44-c2478f958577,/tmp/tmp4ps57rgp/RUMSEY~8~1~305675~90076063.xml,"{""uuid"": ""576a4a26-2281-4343-8d44-c2478f958577""}"
RUMSEY~8~1~305676~90076062,293aa9ac-91b0-4c64-86bb-c4f39884bbbb,/tmp/tmp4ps57rgp/RUMSEY~8~1~305676~90076062.xml,"{""uuid"": ""293aa9ac-91b0-4c64-86bb-c4f39884bbbb""}"
RUMSEY~8~1~305677~90076061,350263a1-c6af-4aa5-ab91-9663f18d624f,/tmp/tmp4ps57rgp/RUMSEY~8~1~305677~90076061.xml,"{""uuid"": ""350263a1-c6af-4aa5-ab91-9663f18d624f""}"
RUMSEY~8~1~305678~90076060,b892a3de-9f51-49bc-9534-cec4f1a7f027,/tmp/tmp4ps57rgp/RUMSEY~8~1~305678~90076060.xml,"{""uuid"": ""b892a3de-9f51-49bc-9534-cec4f1a7f027""}"
RUMSEY~8~1~305679~90076059,5eefa6dd-063b-490b-a4a0-b56bfc1c1dce,/tmp/tmp4ps57rgp/RUMSEY~8~1~305679~90076059.xml,"{""uuid"": ""5eefa6dd-063b-490b-a4a0-b56bfc1c1dce""}"
RUMSEY~8~1~305680~90076058,a4636874-cf01-46ad-a8fb-7c62a4633286,/tmp/tmp4ps57rgp/RUMSEY~8~1~305680~90076058.xml,"{""uuid"": ""a4636874-cf01-46ad-a8fb-7c62a4633286""}"
RUMSEY~8~1~305681~90076057,5a0ff7be-74b7-472e-b0e7-1f9f0ba04d9d,/tmp/tmp4ps57rgp/RUMSEY~8~1~305681~90076057.xml,"{""uuid"": ""5a0ff7be-74b7-472e-b0e7-1f9f0ba04d9d""}"
RUMSEY~8~1~305682~90076056,f08fb08e-18b3-4086-aff1-52ed7b6795c9,/tmp/tmp4ps57rgp/RUMSEY~8~1~305682~90076056.xml,"{""uuid"": ""f08fb08e-18b3-4086-aff1-52ed7b6795c9""}"
RUMSEY~8~1~305683~90076055,0b1fa763-e383-4ff0-8b3b-524959c558a7,/tmp/tmp4ps57rgp/RUMSEY~8~1~305683~90076055.xml,"{""uuid"": ""0b1fa763-e383-4ff0-8b3b-524959c558a7""}"
RUMSEY~8~1~305684~90076054,3d8162e7-86d1-43cc-938c-62fd351b1ac6,/tmp/tmp4ps57rgp/RUMSEY~8~1~305684~90076054.xml,"{""uuid"": ""3d8162e7-86d1-43cc-938c-62fd351b1ac6""}"
RUMSEY~8~1~305685~90076053,7d78f031-79d1-448f-a234-a9812d10d4b0,/tmp/tmp4ps57rgp/RUMSEY~8~1~305685~90076053.xml,"{""uuid"": ""7d78f031-79d1-448f-a234-a9812d10d4b0""}"
RUMSEY~8~1~305686~90076052,c5d4bd59-fbb0-4f12-949b-068c97bfeef2,/tmp/tmp4ps57rgp/RUMSEY~8~1~305686~90076052.xml,"{""uuid"": ""c5d4bd59-fbb0-4f12-949b-068c97bfeef2""}"
RUMSEY~8~1~305687~90076051,75995358-3833-4000-a539-cd6219528956,/tmp/tmp4ps57rgp/RUMSEY~8~1~305687~90076051.xml,"{""uuid"": ""75995358-3833-4000-a539-cd6219528956""}"
RUMSEY~8~1~305688~90076050,d4625115-64df-4d43-b978-0d67e2713929,/tmp/tmp4ps57rgp/RUMSEY~8~1~305688~90076050.xml,"{""uuid"": ""d4625115-64df-4d43-b978-0d67e2713929""}"
RUMSEY~8~1~305689~90076049,e8272680-a9ba-481e-baac-181031620743,/tmp/tmp4ps57rgp/RUMSEY~8~1~305689~90076049.xml,"{""uuid"": ""e8272680-a9ba-481e-baac-181031620743""}"
RUMSEY~8~1~305690~90076048,32a93cbe-e364-4529-b5be-e629c2dc99ff,/tmp/tmp4ps57rgp/RUMSEY~8~1~305690~90076048.xml,"{""uuid"": ""32a93cbe-e364-4529-b5be-e629c2dc99ff""}"
RUMSEY~8~1~305691~90076047,cde17d95-97bd-4a2b-9479-bbbf3a60f867,/tmp/tmp4ps57rgp/RUMSEY~8~1~305691~90076047.xml,"{""uuid"": ""cde17d95-97bd-4a2b-9479-bbbf3a60f867""}"
RUMSEY~8~1~305692~90076046,d7abc1f4-f7e9-40f0-a7a8-ce0f211d9322,/tmp/tmp4ps57rgp/RUMSEY~8~1~305692~90076046.xml,"{""uuid"": ""d7abc1f4-f7e9-40f0-a7a8-ce0f211d9322""}"
RUMSEY~8~1~305693~90076045,2ec13542-ce41-47a1-a5d5-76d07cf07d5e,/tmp/tmp4ps57rgp/RUMSEY~8~1~305693~90076045.xml,"{""uuid"": ""2ec13542-ce41-47a1-a5d5-76d07cf07d5e""}"
RUMSEY~8~1~305694~90076044,f3d5adc7-d7d3-4326-8237-3a377ab615df,/tmp/tmp4ps57rgp/RUMSEY~8~1~305694~90076044.xml,"{""uuid"": ""f3d5adc7-d7d3-4326-8237-3a377ab615df""}"
RUMSEY~8~1~305695~90076043,eb38c01c-faf7-4877-9e9a-8598b4c666cd,/tmp/tmp4ps57rgp/RUMSEY~8~1~305695~90076043.xml,"{""uuid"": ""eb38c01c-faf7-4877-9e9a-8598b4c666cd""}"
RUMSEY~8~1~305696~90076042,b0702982-a7b2-4c6f-9ea0-c651f36264b8,/tmp/tmp4ps57rgp/RUMSEY~8~1~305696~90076042.xml,"{""uuid"": ""b0702982-a7b2-4c6f-9ea0-c651f36264b8""}"
RUMSEY~8~1~305697~90076041,e63ec762-6d5c-47da-950d-660b71459504,/tmp/tmp4ps57rgp/RUMSEY~8~1~305697~90076041.xml,"{""uuid"": ""e63ec762-6d5c-47da-950d-660b71459504""}"
RUMSEY~8~1~305698~90076040,b7f0039e-2e8e-4206-9152-51866494d229,/tmp/tmp4ps57rgp/RUMSEY~8~1~305698~90076040.xml,"{""uuid"": ""b7f0039e-2e8e-4206-9152-51866494d229""}"
RUMSEY~8~1~305699~90076039,d9b15ad8-e401-4c83-875a-8e559485eb35,/tmp/tmp4ps57rgp/RUMSEY~8~1~305699~90076039.xml,"{""uuid"": ""d9b15ad8-e401-4c83-875a-8e559485eb35""}"
